<?xml version="1.0" encoding="UTF-8"?>
<addOn>
  <identifier>e54f6691-4a80-11e4-9553-005056977bd0</identifier>
  <displayType>Collection</displayType>
  <translatedDisplayType>
    <en_US>Collection</en_US>
    <ja_JP>コレクション</ja_JP>
    <ko_KR>컬렉션</ko_KR>
    <zh_CN>集合</zh_CN>
  </translatedDisplayType>
  <name>Nonsubsampled Contourlet Toolbox</name>
  <author>Arthur Cunha</author>
  <version>1.0.0.0</version>
  <downloadUrl>https://www.mathworks.com/matlabcentral/mlc-downloads/downloads/submissions/10049/versions/1/download/zip?src=addons_ml_desktop_install&amp;profile_id=9472795&amp;license=0&amp;release_family=R2017b</downloadUrl>
  <licenseUrl>https://addons.mathworks.com/registry/v1/e54f6691-4a80-11e4-9553-005056977bd0/1.0.0.0/-/license</licenseUrl>
  <previewImageUrl>https://www.mathworks.com/responsive_image/160/120/0/0/0/cache/matlabcentral/images/default_screenshot.jpg</previewImageUrl>
  <releaseNotesUrl>https://www.mathworks.com/add-ons/e54f6691-4a80-11e4-9553-005056977bd0/6195f47d-cff1-4b8f-242a-a333cdb2703e/releaseNotes</releaseNotesUrl>
  <installationFolder>Collections</installationFolder>
</addOn>
